taxon,lineage,conflict,ambiguity_score,scorpio_call,scorpio_support,scorpio_conflict,version,pangolin_version,pangoLEARN_version,pango_version,status,note,sample
COVID_RNA_1_S16,B.1.1,NA,NA,NA,NA,NA,PANGO-v1.2.6,3.0.3,2021-05-27,v1.2.6,passed_qc,Assigned from designation hash.,COVID_RNA_1
2KFUCOV_36_S54_L002,B.1.1.274,NA,NA,NA,NA,NA,PANGO-v1.2.6,3.0.3,2021-05-27,v1.2.6,passed_qc,Assigned from designation hash.,2KFU_COV_36
COVID_RNA_2_S17,B.1.1,NA,NA,NA,NA,NA,PANGO-v1.2.6,3.0.3,2021-05-27,v1.2.6,passed_qc,Assigned from designation hash.,COVID_RNA_2
COVID_RNA_3_S18,B.1.1,NA,NA,NA,NA,NA,PANGO-v1.2.6,3.0.3,2021-05-27,v1.2.6,passed_qc,Assigned from designation hash.,COVID_RNA_3
ICOV_013_SW1_S92,B.1.1,0,1,NA,NA,NA,PLEARN-v1.2.6,3.0.3,2021-05-27,v1.2.6,passed_qc,,ICOV_013
6219_S6,B.1.1,0,1,NA,NA,NA,PLEARN-v1.2.6,3.0.3,2021-05-27,v1.2.6,passed_qc,,6219
IG-101_S11_L001,B.1.1.214,0,1,NA,NA,NA,PLEARN-v1.2.6,3.0.3,2021-05-27,v1.2.6,passed_qc,,IG-101
2KFUCOV_15_S87_L002,B.1.1,0,1,NA,NA,NA,PLEARN-v1.2.6,3.0.3,2021-05-27,v1.2.6,passed_qc,,2KFU_COV_15
KFU_COV_159_S75_L001,B.1.1.294,0,1,NA,NA,NA,PLEARN-v1.2.6,3.0.3,2021-05-27,v1.2.6,passed_qc,,KFU_159
5COV_071_SW7_S60_L002,B.1.1.194,0,1,NA,NA,NA,PLEARN-v1.2.6,3.0.3,2021-05-27,v1.2.6,passed_qc,,5COV_071
ICOV_034_SW1,B.1.1,0,1,NA,NA,NA,PLEARN-v1.2.6,3.0.3,2021-05-27,v1.2.6,passed_qc,,ICOV_034
6220_S18,B.1.1,0,1,NA,NA,NA,PLEARN-v1.2.6,3.0.3,2021-05-27,v1.2.6,passed_qc,,6220
2KFUCOV_43_S43_L002,B.1.1,0,1,NA,NA,NA,PLEARN-v1.2.6,3.0.3,2021-05-27,v1.2.6,passed_qc,,2KFU_COV_43
ICOV_8621_S14_L001,B.1.1,0,1,NA,NA,NA,PLEARN-v1.2.6,3.0.3,2021-05-27,v1.2.6,passed_qc,,8621
5COV_089_SW1_S47_L002,B.1.1.317,0,1,NA,NA,NA,PLEARN-v1.2.6,3.0.3,2021-05-27,v1.2.6,passed_qc,,5COV_089
IG_161,B.1.1,0,1,NA,NA,NA,PLEARN-v1.2.6,3.0.3,2021-05-27,v1.2.6,passed_qc,,IG_161
63818_S62,B.1.1.317,0,1,NA,NA,NA,PLEARN-v1.2.6,3.0.3,2021-05-27,v1.2.6,passed_qc,,63818
RCOV_072_SW1,B.1.1,0,1,NA,NA,NA,PLEARN-v1.2.6,3.0.3,2021-05-27,v1.2.6,passed_qc,,RCOV_072
3KFUCOV_4,B.1.1,0,1,NA,NA,NA,PLEARN-v1.2.6,3.0.3,2021-05-27,v1.2.6,passed_qc,,3KFU_COV_4
FCOV_004_SW1_S18_L001,B.1.1,0,1,NA,NA,NA,PLEARN-v1.2.6,3.0.3,2021-05-27,v1.2.6,passed_qc,,FCOV_004
3KFU_COV_9,B.1.1,0,1,NA,NA,NA,PLEARN-v1.2.6,3.0.3,2021-05-27,v1.2.6,passed_qc,,3KFU_COV_9
KFU_COV_174_S79_L001,B.1.1.317,0,1,NA,NA,NA,PLEARN-v1.2.6,3.0.3,2021-05-27,v1.2.6,passed_qc,,KFU_174
5COV_047_SW1_S46,B.1.1,0,0.999913134120917,NA,NA,NA,PLEARN-v1.2.6,3.0.3,2021-05-27,v1.2.6,passed_qc,,5COV_047
5COV_072_SW1_S92_L002,B.1.1,0,1,NA,NA,NA,PLEARN-v1.2.6,3.0.3,2021-05-27,v1.2.6,passed_qc,,5COV_072
IG_103_S11_L001,B.1.1,0,1,NA,NA,NA,PLEARN-v1.2.6,3.0.3,2021-05-27,v1.2.6,passed_qc,,IG_103
2KFUCOV_40_S101_L002,B.1.1,0,1,NA,NA,NA,PLEARN-v1.2.6,3.0.3,2021-05-27,v1.2.6,passed_qc,,2KFU_COV_40
2KFUCOV_60,B.1.1,0,1,NA,NA,NA,PLEARN-v1.2.6,3.0.3,2021-05-27,v1.2.6,passed_qc,,2KFU_COV_60
6836_S67,B.1.1,0,1,NA,NA,NA,PLEARN-v1.2.6,3.0.3,2021-05-27,v1.2.6,passed_qc,,6836
3KFUCOV_3,B.1.1.294,0,1,NA,NA,NA,PLEARN-v1.2.6,3.0.3,2021-05-27,v1.2.6,passed_qc,,3KFU_COV_3
ICOV_045_SW1,B.1,0,1,NA,NA,NA,PLEARN-v1.2.6,3.0.3,2021-05-27,v1.2.6,passed_qc,,ICOV_045
2KFUCOV_17_S109_L002,B.1.1,0,1,NA,NA,NA,PLEARN-v1.2.6,3.0.3,2021-05-27,v1.2.6,passed_qc,,2KFU_COV_17
IG_101_S10_L001,B.1.1,0,1,NA,NA,NA,PLEARN-v1.2.6,3.0.3,2021-05-27,v1.2.6,passed_qc,,IG_101
2KFUCOV_52,B.1.1.16,0,1,NA,NA,NA,PLEARN-v1.2.6,3.0.3,2021-05-27,v1.2.6,passed_qc,,2KFU_COV_52
RCOV_070_SW1,B.1.1.16,0,1,NA,NA,NA,PLEARN-v1.2.6,3.0.3,2021-05-27,v1.2.6,passed_qc,,RCOV_070
2KFUCOV_37_S66_L002,B.1.1.397,0,1,NA,NA,NA,PLEARN-v1.2.6,3.0.3,2021-05-27,v1.2.6,passed_qc,,2KFU_COV_37
RCOV_046_SW1,B.1.1.317,0,1,NA,NA,NA,PLEARN-v1.2.6,3.0.3,2021-05-27,v1.2.6,passed_qc,,RCOV_046
2KFUCOV_35_S42_L002,B.1.1,0,1,NA,NA,NA,PLEARN-v1.2.6,3.0.3,2021-05-27,v1.2.6,passed_qc,,2KFU_COV_35
IG_160,B.1.1.294,0,1,NA,NA,NA,PLEARN-v1.2.6,3.0.3,2021-05-27,v1.2.6,passed_qc,,IG_160
5COV_054_SW7_S82_L002,B.1.1,0,1,NA,NA,NA,PLEARN-v1.2.6,3.0.3,2021-05-27,v1.2.6,passed_qc,,5COV_054
3KFUCOV_5,B.1.1,0,1,NA,NA,NA,PLEARN-v1.2.6,3.0.3,2021-05-27,v1.2.6,passed_qc,,3KFU_COV_5
FCOV_016_SW1_S49,B.1.1,0,1,NA,NA,NA,PLEARN-v1.2.6,3.0.3,2021-05-27,v1.2.6,passed_qc,,FCOV_016
2KFUCOV_50,B.1.1,0,1,NA,NA,NA,PLEARN-v1.2.6,3.0.3,2021-05-27,v1.2.6,passed_qc,,2KFU_COV_50
IG_285,B.1.1,0,1,NA,NA,NA,PLEARN-v1.2.6,3.0.3,2021-05-27,v1.2.6,passed_qc,,IG_285
IG_120,B.1.1,0,1,NA,NA,NA,PLEARN-v1.2.6,3.0.3,2021-05-27,v1.2.6,passed_qc,,IG_120
81610_S63,B.1.1.317,0,1,NA,NA,NA,PLEARN-v1.2.6,3.0.3,2021-05-27,v1.2.6,passed_qc,,81610
ICOV_063_SW1,B.1.264,0,1,NA,NA,NA,PLEARN-v1.2.6,3.0.3,2021-05-27,v1.2.6,passed_qc,,ICOV_063
5COV_074_SW1_S23_L002,B.1.1,0,1,NA,NA,NA,PLEARN-v1.2.6,3.0.3,2021-05-27,v1.2.6,passed_qc,,5COV_074
63817_S50,B.1.1.317,0,1,NA,NA,NA,PLEARN-v1.2.6,3.0.3,2021-05-27,v1.2.6,passed_qc,,63817
2KFUCOV_62,B.1.1.464,0,1,NA,NA,NA,PLEARN-v1.2.6,3.0.3,2021-05-27,v1.2.6,passed_qc,,2KFU_COV_62
5COV_059_SW1_S90_L001,B.1.1.349,0,1,NA,NA,NA,PLEARN-v1.2.6,3.0.3,2021-05-27,v1.2.6,passed_qc,,5COV_059
2KFUCOV_53,B.1.1.192,0,1,NA,NA,NA,PLEARN-v1.2.6,3.0.3,2021-05-27,v1.2.6,passed_qc,,2KFU_COV_53
KFU_COV_168_S77_L001,B.1.1,0,1,NA,NA,NA,PLEARN-v1.2.6,3.0.3,2021-05-27,v1.2.6,passed_qc,,KFU_168
ICOV_014_SW1_S9,B.1.1,0,1,NA,NA,NA,PLEARN-v1.2.6,3.0.3,2021-05-27,v1.2.6,passed_qc,,ICOV_014
IG_268_depa,B.1.1,0,1,NA,NA,NA,PLEARN-v1.2.6,3.0.3,2021-05-27,v1.2.6,passed_qc,,IG_268_depa
5COV_054_SW1_S85_L001,B.1.1,0,1,NA,NA,NA,PLEARN-v1.2.6,3.0.3,2021-05-27,v1.2.6,passed_qc,,5COV_054
5COV_045_SW1_S31_L001,B.1.1,0,1,NA,NA,NA,PLEARN-v1.2.6,3.0.3,2021-05-27,v1.2.6,passed_qc,,5COV_045
KFU_COV_112_S56_L001,B.1.1,0,1,NA,NA,NA,PLEARN-v1.2.6,3.0.3,2021-05-27,v1.2.6,passed_qc,,KFU_112
ICOV_079_SW1,B.1,0,1,NA,NA,NA,PLEARN-v1.2.6,3.0.3,2021-05-27,v1.2.6,passed_qc,,ICOV_079
2KFUCOV_47_S91_L002,B.1.1,0,1,NA,NA,NA,PLEARN-v1.2.6,3.0.3,2021-05-27,v1.2.6,passed_qc,,2KFU_COV_47
3KFUCOV_2,B.1.1.294,0,1,NA,NA,NA,PLEARN-v1.2.6,3.0.3,2021-05-27,v1.2.6,passed_qc,,3KFU_COV_2
2KFU_COV_2_S50_L002,B.1.1,0,1,NA,NA,NA,PLEARN-v1.2.6,3.0.3,2021-05-27,v1.2.6,passed_qc,,2KFU_COV_2
ICOV_012_SW1_S80,B.1.1,0,1,NA,NA,NA,PLEARN-v1.2.6,3.0.3,2021-05-27,v1.2.6,passed_qc,,ICOV_012
RCOV_015_SW1_S2,B.1.1,0,1,NA,NA,NA,PLEARN-v1.2.6,3.0.3,2021-05-27,v1.2.6,passed_qc,,RCOV_015
ICOV_16521_S24_L001,B.1.1.294,0,1,NA,NA,NA,PLEARN-v1.2.6,3.0.3,2021-05-27,v1.2.6,passed_qc,,16521
KFU_COV_144_S67_L001,B.1.1,0,1,NA,NA,NA,PLEARN-v1.2.6,3.0.3,2021-05-27,v1.2.6,passed_qc,,KFU_144
NCOV3920_S73_L002,B.1.1.407,0,1,NA,NA,NA,PLEARN-v1.2.6,3.0.3,2021-05-27,v1.2.6,passed_qc,,NCOV3920
ICOV_066_SW1,B.1,0,1,NA,NA,NA,PLEARN-v1.2.6,3.0.3,2021-05-27,v1.2.6,passed_qc,,ICOV_066
KFU_COV_116_S57_L001,B.1.1,0,1,NA,NA,NA,PLEARN-v1.2.6,3.0.3,2021-05-27,v1.2.6,passed_qc,,KFU_116
5COV_094_SW1_S94_L002,B.1.1,0,1,NA,NA,NA,PLEARN-v1.2.6,3.0.3,2021-05-27,v1.2.6,passed_qc,,5COV_094
2KFUCOV_49_S113_L002,B.1.1,0,1,NA,NA,NA,PLEARN-v1.2.6,3.0.3,2021-05-27,v1.2.6,passed_qc,,2KFU_COV_49
5COV_024_SW1_S15_L001,B.1.1.163,0,1,NA,NA,NA,PLEARN-v1.2.6,3.0.3,2021-05-27,v1.2.6,passed_qc,,5COV_024
IG_214,B.1,0,1,NA,NA,NA,PLEARN-v1.2.6,3.0.3,2021-05-27,v1.2.6,passed_qc,,IG_214
ICOV_075_SW1,B.1.1.372,0,1,NA,NA,NA,PLEARN-v1.2.6,3.0.3,2021-05-27,v1.2.6,passed_qc,,ICOV_075
IG_270,B.1.1,0,1,NA,NA,NA,PLEARN-v1.2.6,3.0.3,2021-05-27,v1.2.6,passed_qc,,IG_270
ICOV_033_SW1,B.1.1,0,1,NA,NA,NA,PLEARN-v1.2.6,3.0.3,2021-05-27,v1.2.6,passed_qc,,ICOV_033
ICOV_8746_S16_L001,B.1.1,0,1,NA,NA,NA,PLEARN-v1.2.6,3.0.3,2021-05-27,v1.2.6,passed_qc,,8746
KFU_COV_105_S52_L001,B.1.1,0,1,NA,NA,NA,PLEARN-v1.2.6,3.0.3,2021-05-27,v1.2.6,passed_qc,,KFU_105
2KFU_COV_3_S62_L002,B.1.1,0,1,NA,NA,NA,PLEARN-v1.2.6,3.0.3,2021-05-27,v1.2.6,passed_qc,,2KFU_COV_3
ICOV_16731_S21_L001,B.1.1,0,1,NA,NA,NA,PLEARN-v1.2.6,3.0.3,2021-05-27,v1.2.6,passed_qc,,16731
5COV_055_SW1_S86_L001,B.1.1,0,1,NA,NA,NA,PLEARN-v1.2.6,3.0.3,2021-05-27,v1.2.6,passed_qc,,5COV_055
2KFUCOV_33_S111_L002,B.1.1,0,1,NA,NA,NA,PLEARN-v1.2.6,3.0.3,2021-05-27,v1.2.6,passed_qc,,2KFU_COV_33
63816_S38,B.1.1,0,1,NA,NA,NA,PLEARN-v1.2.6,3.0.3,2021-05-27,v1.2.6,passed_qc,,63816
ICOV_8670_S15_L001,B.1.1,0,1,NA,NA,NA,PLEARN-v1.2.6,3.0.3,2021-05-27,v1.2.6,passed_qc,,8670
ICOV_8486_S11_L001,B.1.1,0,1,NA,NA,NA,PLEARN-v1.2.6,3.0.3,2021-05-27,v1.2.6,passed_qc,,8486
IG_269,B.1.1,0,1,NA,NA,NA,PLEARN-v1.2.6,3.0.3,2021-05-27,v1.2.6,passed_qc,,IG_269
BCOV_002_SW1_S34,B.1.1,0,0.999903943134336,NA,NA,NA,PLEARN-v1.2.6,3.0.3,2021-05-27,v1.2.6,passed_qc,,BCOV_002
KFU_COV_46_S44_L001,B.1.1.294,0,1,NA,NA,NA,PLEARN-v1.2.6,3.0.3,2021-05-27,v1.2.6,passed_qc,,KFU_46
5COV_034_SW1_S71,B.1.1.317,0,0.999917105317694,NA,NA,NA,PLEARN-v1.2.6,3.0.3,2021-05-27,v1.2.6,passed_qc,,5COV_034
BCOV_009_SW1_S14_L001,B.1.1.294,0,1,NA,NA,NA,PLEARN-v1.2.6,3.0.3,2021-05-27,v1.2.6,passed_qc,,BCOV_009
IAM10_S5,B.1.1,0,1,NA,NA,NA,PLEARN-v1.2.6,3.0.3,2021-05-27,v1.2.6,passed_qc,,IAM10
KFU_COV_125_S60_L001,B.1.1,0,1,NA,NA,NA,PLEARN-v1.2.6,3.0.3,2021-05-27,v1.2.6,passed_qc,,KFU_125
Lisa_COV_S37_L002,B.1.1.317,0,1,NA,NA,NA,PLEARN-v1.2.6,3.0.3,2021-05-27,v1.2.6,passed_qc,,Ls_COV
2KFUCOV_8_S28_L002,B.1.1,0,1,NA,NA,NA,PLEARN-v1.2.6,3.0.3,2021-05-27,v1.2.6,passed_qc,,2KFU_COV_8
ICOV_028_SW1,B.1.1.141,0,1,NA,NA,NA,PLEARN-v1.2.6,3.0.3,2021-05-27,v1.2.6,passed_qc,,ICOV_028
RCOV_029_SW1_S81,B.1.1,0,1,NA,NA,NA,PLEARN-v1.2.6,3.0.3,2021-05-27,v1.2.6,passed_qc,,RCOV_029
IG_280,B.1.1,0,1,NA,NA,NA,PLEARN-v1.2.6,3.0.3,2021-05-27,v1.2.6,passed_qc,,IG_280
2KFUCOV_42_S32_L002,B.1.1.317,0,1,NA,NA,NA,PLEARN-v1.2.6,3.0.3,2021-05-27,v1.2.6,passed_qc,,2KFU_COV_42
IAM06_S64,B.1.1,0,1,NA,NA,NA,PLEARN-v1.2.6,3.0.3,2021-05-27,v1.2.6,passed_qc,,IAM06
6487_S78,B.1.1,0,1,NA,NA,NA,PLEARN-v1.2.6,3.0.3,2021-05-27,v1.2.6,passed_qc,,6487
2KFUCOV_46_S79_L002,B.1.1,0,1,NA,NA,NA,PLEARN-v1.2.6,3.0.3,2021-05-27,v1.2.6,passed_qc,,2KFU_COV_46
3KFUCOV_7,B.1.1.317,0,1,NA,NA,NA,PLEARN-v1.2.6,3.0.3,2021-05-27,v1.2.6,passed_qc,,3KFU_COV_7
KFU_COV_107_S53_L001,B.1.1,0,1,NA,NA,NA,PLEARN-v1.2.6,3.0.3,2021-05-27,v1.2.6,passed_qc,,KFU_107
ICOV_040_SW1,B.1.1.141,0,1,NA,NA,NA,PLEARN-v1.2.6,3.0.3,2021-05-27,v1.2.6,passed_qc,,ICOV_040
5COV-002-SW1_S5_L001,B.1.1,0,1,NA,NA,NA,PLEARN-v1.2.6,3.0.3,2021-05-27,v1.2.6,passed_qc,,5COV-002-SW1
83_10_S7,B.1.1.294,0,1,NA,NA,NA,PLEARN-v1.2.6,3.0.3,2021-05-27,v1.2.6,passed_qc,,83_10
2KFUCOV_54,B.1.1.378,0,1,NA,NA,NA,PLEARN-v1.2.6,3.0.3,2021-05-27,v1.2.6,passed_qc,,2KFU_COV_54
5COV_022_SW1_S82,B.1.1.163,0,1,NA,NA,NA,PLEARN-v1.2.6,3.0.3,2021-05-27,v1.2.6,passed_qc,,5COV_022
86756_S4,B.1.1.54,0,1,NA,NA,NA,PLEARN-v1.2.6,3.0.3,2021-05-27,v1.2.6,passed_qc,,86756
ICOV_037_SW1,B.1.1,0,1,NA,NA,NA,PLEARN-v1.2.6,3.0.3,2021-05-27,v1.2.6,passed_qc,,ICOV_037
Mavlenkin_S95_L002,B.1.1,0,1,NA,NA,NA,PLEARN-v1.2.6,3.0.3,2021-05-27,v1.2.6,passed_qc,,Mavlenkin
KFU_COV_23_S35_L001,B.1.1,0,1,NA,NA,NA,PLEARN-v1.2.6,3.0.3,2021-05-27,v1.2.6,passed_qc,,KFU_23
5COV_071_SW1_S81_L002,B.1.1.194,0,1,NA,NA,NA,PLEARN-v1.2.6,3.0.3,2021-05-27,v1.2.6,passed_qc,,5COV_071
RCOV_038_SW1,B.1.1.317,0,1,NA,NA,NA,PLEARN-v1.2.6,3.0.3,2021-05-27,v1.2.6,passed_qc,,RCOV_038
5COV_066_SW1_S96_L001,B.1.1.317,0,1,NA,NA,NA,PLEARN-v1.2.6,3.0.3,2021-05-27,v1.2.6,passed_qc,,5COV_066
5COV_067_SW1_S69_L002,B.1.1,0,0.999922812705029,NA,NA,NA,PLEARN-v1.2.6,3.0.3,2021-05-27,v1.2.6,passed_qc,,5COV_067
5COV_001_SW1_S4_L001,B.1.1,0,1,NA,NA,NA,PLEARN-v1.2.6,3.0.3,2021-05-27,v1.2.6,passed_qc,,5COV_001
2KFUCOV_55,B.1.1.294,0,1,NA,NA,NA,PLEARN-v1.2.6,3.0.3,2021-05-27,v1.2.6,passed_qc,,2KFU_COV_55
2KFUCOV_30_S77_L002,B.1.1,0,1,NA,NA,NA,PLEARN-v1.2.6,3.0.3,2021-05-27,v1.2.6,passed_qc,,2KFU_COV_30
6013_S65,B.1.1,0,1,NA,NA,NA,PLEARN-v1.2.6,3.0.3,2021-05-27,v1.2.6,passed_qc,,6013
IG_283,B.1.1.294,0,1,NA,NA,NA,PLEARN-v1.2.6,3.0.3,2021-05-27,v1.2.6,passed_qc,,IG_283
5COV_050_SW1_S33_L001,B.1.1.294,0,1,NA,NA,NA,PLEARN-v1.2.6,3.0.3,2021-05-27,v1.2.6,passed_qc,,5COV_050
IG_287,B.1.1,0,1,NA,NA,NA,PLEARN-v1.2.6,3.0.3,2021-05-27,v1.2.6,passed_qc,,IG_287
2KFUCOV_25_S110_L002,B.1.1,0,1,NA,NA,NA,PLEARN-v1.2.6,3.0.3,2021-05-27,v1.2.6,passed_qc,,2KFU_COV_25
2KFUCOV_20_S52_L002,B.1.1,0,1,NA,NA,NA,PLEARN-v1.2.6,3.0.3,2021-05-27,v1.2.6,passed_qc,,2KFU_COV_20
5COV_002_SW1_S5_L001,B.1.1,0,1,NA,NA,NA,PLEARN-v1.2.6,3.0.3,2021-05-27,v1.2.6,passed_qc,,5COV_002
80557_S51,B.1.1,0,1,NA,NA,NA,PLEARN-v1.2.6,3.0.3,2021-05-27,v1.2.6,passed_qc,,80557
2KFUCOV_19_S40_L002,B.1.1,0,1,NA,NA,NA,PLEARN-v1.2.6,3.0.3,2021-05-27,v1.2.6,passed_qc,,2KFU_COV_19
5COV_023_SW1_S94,B.1.1.317,0,1,NA,NA,NA,PLEARN-v1.2.6,3.0.3,2021-05-27,v1.2.6,passed_qc,,5COV_023
KFU_COV_27_S37_L001,B.1.1,0,1,NA,NA,NA,PLEARN-v1.2.6,3.0.3,2021-05-27,v1.2.6,passed_qc,,KFU_27
3KFUCOV_1,B.1.1,0,1,NA,NA,NA,PLEARN-v1.2.6,3.0.3,2021-05-27,v1.2.6,passed_qc,,3KFU_COV_1
5COV_019_SW1_S58,B.1.1,0,0.999914712153518,NA,NA,NA,PLEARN-v1.2.6,3.0.3,2021-05-27,v1.2.6,passed_qc,,5COV_019
KFU_COV_102_S50_L001,B.1.1,0,1,NA,NA,NA,PLEARN-v1.2.6,3.0.3,2021-05-27,v1.2.6,passed_qc,,KFU_102
5COV_043_SW1_S29_L001,B.1.1,0,1,NA,NA,NA,PLEARN-v1.2.6,3.0.3,2021-05-27,v1.2.6,passed_qc,,5COV_043
2KFUCOV_11_S63_L002,B.1.1,0,1,NA,NA,NA,PLEARN-v1.2.6,3.0.3,2021-05-27,v1.2.6,passed_qc,,2KFU_COV_11
KFU_COV_109_S54_L001,B.1,0,1,NA,NA,NA,PLEARN-v1.2.6,3.0.3,2021-05-27,v1.2.6,passed_qc,,KFU_109
ICOV_8253_S10_L001,B.1.1,0,1,NA,NA,NA,PLEARN-v1.2.6,3.0.3,2021-05-27,v1.2.6,passed_qc,,8253
6218_S89,B.1.1,0,1,NA,NA,NA,PLEARN-v1.2.6,3.0.3,2021-05-27,v1.2.6,passed_qc,,6218
5COV_006_SW1_S8_L001,B.1.1,0,1,NA,NA,NA,PLEARN-v1.2.6,3.0.3,2021-05-27,v1.2.6,passed_qc,,5COV_006
RCOV_069_SW1,B.1.1,0,1,NA,NA,NA,PLEARN-v1.2.6,3.0.3,2021-05-27,v1.2.6,passed_qc,,RCOV_069
ICOV_049_SW1,B.1.1.101,0,1,NA,NA,NA,PLEARN-v1.2.6,3.0.3,2021-05-27,v1.2.6,passed_qc,,ICOV_049
ICOV_078_SW1,B.1.1,0,1,NA,NA,NA,PLEARN-v1.2.6,3.0.3,2021-05-27,v1.2.6,passed_qc,,ICOV_078
83_5_S1_L001,B.1.1,0,1,NA,NA,NA,PLEARN-v1.2.6,3.0.3,2021-05-27,v1.2.6,passed_qc,,83_5
KFU_COV_128_S63_L001,B.1.1,0,1,NA,NA,NA,PLEARN-v1.2.6,3.0.3,2021-05-27,v1.2.6,passed_qc,,KFU_128
IR6853_S24,B.1.1,0,1,NA,NA,NA,PLEARN-v1.2.6,3.0.3,2021-05-27,v1.2.6,passed_qc,,6853
2KFUCOV_26_S30_L002,B.1.1,0,1,NA,NA,NA,PLEARN-v1.2.6,3.0.3,2021-05-27,v1.2.6,passed_qc,,2KFU_COV_26
IAM11_S17,B.1.1,0,1,NA,NA,NA,PLEARN-v1.2.6,3.0.3,2021-05-27,v1.2.6,passed_qc,,IAM11
6459_S54,B.1.1,0,1,NA,NA,NA,PLEARN-v1.2.6,3.0.3,2021-05-27,v1.2.6,passed_qc,,6459
RCOV_062_SW1,B.1.1.152,0,1,NA,NA,NA,PLEARN-v1.2.6,3.0.3,2021-05-27,v1.2.6,passed_qc,,RCOV_062
5COV-006-SW1_S8_L001,B.1.1,0,1,NA,NA,NA,PLEARN-v1.2.6,3.0.3,2021-05-27,v1.2.6,passed_qc,,5COV-006-SW1
ICOV_006_SW1_S20,B.1.1,0,1,NA,NA,NA,PLEARN-v1.2.6,3.0.3,2021-05-27,v1.2.6,passed_qc,,ICOV_006
KFU_COV_176_S80_L001,B.1.1.317,0,1,NA,NA,NA,PLEARN-v1.2.6,3.0.3,2021-05-27,v1.2.6,passed_qc,,KFU_176
ICOV_062_SW1,B.1.1.141,0,1,NA,NA,NA,PLEARN-v1.2.6,3.0.3,2021-05-27,v1.2.6,passed_qc,,ICOV_062
5COV_064_SW1_S33_L002,B.1.1,0,1,NA,NA,NA,PLEARN-v1.2.6,3.0.3,2021-05-27,v1.2.6,passed_qc,,5COV_064
5COV_066_SW1_S57_L002,B.1.1,0,1,NA,NA,NA,PLEARN-v1.2.6,3.0.3,2021-05-27,v1.2.6,passed_qc,,5COV_066
5COV_041_SW1_S27_L001,B.1.1,0,1,NA,NA,NA,PLEARN-v1.2.6,3.0.3,2021-05-27,v1.2.6,passed_qc,,5COV_041
ICOV_7616_S2_L001,B.1.1,0,1,NA,NA,NA,PLEARN-v1.2.6,3.0.3,2021-05-27,v1.2.6,passed_qc,,7616
81616_S75,B.1.1,0,1,NA,NA,NA,PLEARN-v1.2.6,3.0.3,2021-05-27,v1.2.6,passed_qc,,81616
ICOV_050_SW1,B.1.1.141,0,1,NA,NA,NA,PLEARN-v1.2.6,3.0.3,2021-05-27,v1.2.6,passed_qc,,ICOV_050
5COV_057_SW1_S88_L001,B.1.1.317,0,0.999910558561782,NA,NA,NA,PLEARN-v1.2.6,3.0.3,2021-05-27,v1.2.6,passed_qc,,5COV_057
FCOV_012_SW1_S25,B.1.1,0,1,NA,NA,NA,PLEARN-v1.2.6,3.0.3,2021-05-27,v1.2.6,passed_qc,,FCOV_012
KFU_COV_157_S73_L001,B.1.1.424,0,1,NA,NA,NA,PLEARN-v1.2.6,3.0.3,2021-05-27,v1.2.6,passed_qc,,KFU_157
ICOV_008_SW1_S44,B.1,0,1,NA,NA,NA,PLEARN-v1.2.6,3.0.3,2021-05-27,v1.2.6,passed_qc,,ICOV_008
ICOV_8888_S19_L001,B.1.1,0,1,NA,NA,NA,PLEARN-v1.2.6,3.0.3,2021-05-27,v1.2.6,passed_qc,,8888
ICOV_047_SW1,B.1.1.198,0,1,NA,NA,NA,PLEARN-v1.2.6,3.0.3,2021-05-27,v1.2.6,passed_qc,,ICOV_047
KFU_COV_50_S45_L001,B.1.1.317,0,1,NA,NA,NA,PLEARN-v1.2.6,3.0.3,2021-05-27,v1.2.6,passed_qc,,KFU_50
2KFU_COV_1_S38_L002,B.1.1.317,0,1,NA,NA,NA,PLEARN-v1.2.6,3.0.3,2021-05-27,v1.2.6,passed_qc,,2KFU_COV_1
ICOV_007_SW1_S32,B.1.1,0,1,NA,NA,NA,PLEARN-v1.2.6,3.0.3,2021-05-27,v1.2.6,passed_qc,,ICOV_007
IG_230,B.1.1,0,1,NA,NA,NA,PLEARN-v1.2.6,3.0.3,2021-05-27,v1.2.6,passed_qc,,IG_230
6211_S77,B.1.1,0,1,NA,NA,NA,PLEARN-v1.2.6,3.0.3,2021-05-27,v1.2.6,passed_qc,,6211
IG_155,B.1.1.161,0,1,NA,NA,NA,PLEARN-v1.2.6,3.0.3,2021-05-27,v1.2.6,passed_qc,,IG_155
ICOV_8053_S5_L001,B.1.1,0,1,NA,NA,NA,PLEARN-v1.2.6,3.0.3,2021-05-27,v1.2.6,passed_qc,,8053
KFU_COV_25_S36_L001,B.1.1.294,0,1,NA,NA,NA,PLEARN-v1.2.6,3.0.3,2021-05-27,v1.2.6,passed_qc,,KFU_25
ICOV_076_SW1,B.1.1,0,1,NA,NA,NA,PLEARN-v1.2.6,3.0.3,2021-05-27,v1.2.6,passed_qc,,ICOV_076
2KFUCOV_67,B.1.1.317,0,1,NA,NA,NA,PLEARN-v1.2.6,3.0.3,2021-05-27,v1.2.6,passed_qc,,2KFU_COV_67
ICOV_8198_S9_L001,B.1.1,0,1,NA,NA,NA,PLEARN-v1.2.6,3.0.3,2021-05-27,v1.2.6,passed_qc,,8198
ICOV_16622_S23_L001,B.1.1.424,0,1,NA,NA,NA,PLEARN-v1.2.6,3.0.3,2021-05-27,v1.2.6,passed_qc,,16622
5COV_029_SW1_S35,B.1.1,0,1,NA,NA,NA,PLEARN-v1.2.6,3.0.3,2021-05-27,v1.2.6,passed_qc,,5COV_029
FCOV_011_SW1_S1,B.1.1,0,1,NA,NA,NA,PLEARN-v1.2.6,3.0.3,2021-05-27,v1.2.6,passed_qc,,FCOV_011
KFU_COV_29_S39_L001,B.1.1,0,1,NA,NA,NA,PLEARN-v1.2.6,3.0.3,2021-05-27,v1.2.6,passed_qc,,KFU_29
KFU_COV_169_S78_L001,B.1.1,0,1,NA,NA,NA,PLEARN-v1.2.6,3.0.3,2021-05-27,v1.2.6,passed_qc,,KFU_169
5COV_077_SW1_S34_L002,B.1.1.336,0,1,NA,NA,NA,PLEARN-v1.2.6,3.0.3,2021-05-27,v1.2.6,passed_qc,,5COV_077
KFU_COV_37_S43_L001,B.1.1.294,0,1,NA,NA,NA,PLEARN-v1.2.6,3.0.3,2021-05-27,v1.2.6,passed_qc,,KFU_37
RCOV_071_SW1,B.1,0,1,NA,NA,NA,PLEARN-v1.2.6,3.0.3,2021-05-27,v1.2.6,passed_qc,,RCOV_071
5COV_039_SW1_S16_L001,B.1.1,0,1,NA,NA,NA,PLEARN-v1.2.6,3.0.3,2021-05-27,v1.2.6,passed_qc,,5COV_039
Tihonova_S84_L002,B.1.1,0,1,NA,NA,NA,PLEARN-v1.2.6,3.0.3,2021-05-27,v1.2.6,passed_qc,,Tihonova
KFU_COV_145_S68_L001,B.1.1,0,1,NA,NA,NA,PLEARN-v1.2.6,3.0.3,2021-05-27,v1.2.6,passed_qc,,KFU_145
6598_S19,B.1.1.163,0,1,NA,NA,NA,PLEARN-v1.2.6,3.0.3,2021-05-27,v1.2.6,passed_qc,,6598
175_S3_L001,B.1.1.214,0,1,NA,NA,NA,PLEARN-v1.2.6,3.0.3,2021-05-27,v1.2.6,passed_qc,,175
5COV_084_SW7_S48_L002,B.1.1.486,0,1,NA,NA,NA,PLEARN-v1.2.6,3.0.3,2021-05-27,v1.2.6,passed_qc,,5COV_084
2KFUCOV_39_S90_L002,B.1.1.317,0,1,NA,NA,NA,PLEARN-v1.2.6,3.0.3,2021-05-27,v1.2.6,passed_qc,,2KFU_COV_39
5COV_026_SW1_S25_L001,B.1.1,0,1,NA,NA,NA,PLEARN-v1.2.6,3.0.3,2021-05-27,v1.2.6,passed_qc,,5COV_026
KFU_COV_104_S51_L001,B.1.1,0,1,NA,NA,NA,PLEARN-v1.2.6,3.0.3,2021-05-27,v1.2.6,passed_qc,,KFU_104
KFU_COV_77_S48_L001,B.1.1,0,1,NA,NA,NA,PLEARN-v1.2.6,3.0.3,2021-05-27,v1.2.6,passed_qc,,KFU_77
5COV_053_SW1_S84_L001,B.1.1.349,0,1,NA,NA,NA,PLEARN-v1.2.6,3.0.3,2021-05-27,v1.2.6,passed_qc,,5COV_053
FCOV_013_SW1_S37,B.1.1.317,0,1,NA,NA,NA,PLEARN-v1.2.6,3.0.3,2021-05-27,v1.2.6,passed_qc,,FCOV_013
6460_S66,B.1.1,0,1,NA,NA,NA,PLEARN-v1.2.6,3.0.3,2021-05-27,v1.2.6,passed_qc,,6460
2KFUCOV_28_S53_L002,B.1.1.192,0,1,NA,NA,NA,PLEARN-v1.2.6,3.0.3,2021-05-27,v1.2.6,passed_qc,,2KFU_COV_28
2KFUCOV_24_S99_L002,B.1.264.1,0,1,NA,NA,NA,PLEARN-v1.2.6,3.0.3,2021-05-27,v1.2.6,passed_qc,,2KFU_COV_24
IAM12_S79,B.1.1,0,1,NA,NA,NA,PLEARN-v1.2.6,3.0.3,2021-05-27,v1.2.6,passed_qc,,IAM12
5COV-006-SW6_S10_L001,B.1.1,0,1,NA,NA,NA,PLEARN-v1.2.6,3.0.3,2021-05-27,v1.2.6,passed_qc,,5COV-006-SW6
KFU_COV_111_S55_L001,B.1.1,0,1,NA,NA,NA,PLEARN-v1.2.6,3.0.3,2021-05-27,v1.2.6,passed_qc,,KFU_111
6706_S31,B.1.1,0,1,NA,NA,NA,PLEARN-v1.2.6,3.0.3,2021-05-27,v1.2.6,passed_qc,,6706
IR7449_S96,B.1.1,0,1,NA,NA,NA,PLEARN-v1.2.6,3.0.3,2021-05-27,v1.2.6,passed_qc,,7449
RCOV_068_SW1,B.1,0,1,NA,NA,NA,PLEARN-v1.2.6,3.0.3,2021-05-27,v1.2.6,passed_qc,,RCOV_068
5COV_060_SW1_S91_L001,B.1.1,0,1,NA,NA,NA,PLEARN-v1.2.6,3.0.3,2021-05-27,v1.2.6,passed_qc,,5COV_060
3KFUCOV_6,B.1.1,0,1,NA,NA,NA,PLEARN-v1.2.6,3.0.3,2021-05-27,v1.2.6,passed_qc,,3KFU_COV_6
KFU_COV_147_S69_L001,B.1.1.294,0,1,NA,NA,NA,PLEARN-v1.2.6,3.0.3,2021-05-27,v1.2.6,passed_qc,,KFU_147
IG_268,B.1.1,0,1,NA,NA,NA,PLEARN-v1.2.6,3.0.3,2021-05-27,v1.2.6,passed_qc,,IG_268
NCOV4064_S85_L002,B.1,0,1,NA,NA,NA,PLEARN-v1.2.6,3.0.3,2021-05-27,v1.2.6,passed_qc,,NCOV4064
KFU_COV_154_S72_L001,B.1.1,0,1,NA,NA,NA,PLEARN-v1.2.6,3.0.3,2021-05-27,v1.2.6,passed_qc,,KFU_154
Pav_COV_S49_L002,B.1.1,0,1,NA,NA,NA,PLEARN-v1.2.6,3.0.3,2021-05-27,v1.2.6,passed_qc,,Pav_COV
5COV_081_SW1_S70_L002,B.1.1,0,1,NA,NA,NA,PLEARN-v1.2.6,3.0.3,2021-05-27,v1.2.6,passed_qc,,5COV_081
ICOV_8757_S17_L001,B.1.1,0,1,NA,NA,NA,PLEARN-v1.2.6,3.0.3,2021-05-27,v1.2.6,passed_qc,,8757
5COV_021_SW1_S70,B.1.1,0,1,NA,NA,NA,PLEARN-v1.2.6,3.0.3,2021-05-27,v1.2.6,passed_qc,,5COV_021
IR7008_S60,B.1.1,0,1,NA,NA,NA,PLEARN-v1.2.6,3.0.3,2021-05-27,v1.2.6,passed_qc,,7008
KFU_COV_158_S74_L001,B.1.1.294,0,1,NA,NA,NA,PLEARN-v1.2.6,3.0.3,2021-05-27,v1.2.6,passed_qc,,KFU_158
ICOV_7451_S1_L001,B.1.1,0,1,NA,NA,NA,PLEARN-v1.2.6,3.0.3,2021-05-27,v1.2.6,passed_qc,,7451
5COV-001-SW1_S4_L001,B.1.1.202,0,1,NA,NA,NA,PLEARN-v1.2.6,3.0.3,2021-05-27,v1.2.6,passed_qc,,5COV-001-SW1
ICOV_044_SW1,B.1.1,0,1,NA,NA,NA,PLEARN-v1.2.6,3.0.3,2021-05-27,v1.2.6,passed_qc,,ICOV_044
ICOV_8050_S3_L001,B.1.1,0,1,NA,NA,NA,PLEARN-v1.2.6,3.0.3,2021-05-27,v1.2.6,passed_qc,,8050
2KFUCOV_29_S65_L002,B.1.1.317,0,1,NA,NA,NA,PLEARN-v1.2.6,3.0.3,2021-05-27,v1.2.6,passed_qc,,2KFU_COV_29
RCOV_020_SW1_S33,B.1.1,0,1,NA,NA,NA,PLEARN-v1.2.6,3.0.3,2021-05-27,v1.2.6,passed_qc,,RCOV_020
64792_S74,B.1.1,0,0.999922615592958,NA,NA,NA,PLEARN-v1.2.6,3.0.3,2021-05-27,v1.2.6,passed_qc,,64792
ICOV_16718_S22_L001,B.1.1,0,1,NA,NA,NA,PLEARN-v1.2.6,3.0.3,2021-05-27,v1.2.6,passed_qc,,16718
2KFUCOV_56,B.1.1,0,1,NA,NA,NA,PLEARN-v1.2.6,3.0.3,2021-05-27,v1.2.6,passed_qc,,2KFU_COV_56
2KFUCOV_23_S88_L002,B.1.1,0,1,NA,NA,NA,PLEARN-v1.2.6,3.0.3,2021-05-27,v1.2.6,passed_qc,,2KFU_COV_23
2KFUCOV_9_S39_L002,B.1.1,0,1,NA,NA,NA,PLEARN-v1.2.6,3.0.3,2021-05-27,v1.2.6,passed_qc,,2KFU_COV_9
5COV_078_SW1_S46_L002,M.3,0,0.999921792515544,NA,NA,NA,PLEARN-v1.2.6,3.0.3,2021-05-27,v1.2.6,passed_qc,,5COV_078
RCOV_002_SW1_S10,B.1.1,0,1,NA,NA,NA,PLEARN-v1.2.6,3.0.3,2021-05-27,v1.2.6,passed_qc,,RCOV_002
NCOV75211_S106_L002,B.1.1,0,1,NA,NA,NA,PLEARN-v1.2.6,3.0.3,2021-05-27,v1.2.6,passed_qc,,NCOV75211
5COV_042_SW1_S28_L001,B.1,0,0.999909759509092,NA,NA,NA,PLEARN-v1.2.6,3.0.3,2021-05-27,v1.2.6,passed_qc,,5COV_042
5COV_051_SW1_S34_L001,B.1.1.74,0,1,NA,NA,NA,PLEARN-v1.2.6,3.0.3,2021-05-27,v1.2.6,passed_qc,,5COV_051
ICOV_8519_S12_L001,B.1.1,0,1,NA,NA,NA,PLEARN-v1.2.6,3.0.3,2021-05-27,v1.2.6,passed_qc,,8519
3KFU_COV_8,B.1.1,0,1,NA,NA,NA,PLEARN-v1.2.6,3.0.3,2021-05-27,v1.2.6,passed_qc,,3KFU_COV_8
5COV_077_SW7_S72_L002,B.1.1.336,0,1,NA,NA,NA,PLEARN-v1.2.6,3.0.3,2021-05-27,v1.2.6,passed_qc,,5COV_077
ICOV_054_SW1,B.1.1.198,0,1,NA,NA,NA,PLEARN-v1.2.6,3.0.3,2021-05-27,v1.2.6,passed_qc,,ICOV_054
81620_S87,B.1.1.317,0,1,NA,NA,NA,PLEARN-v1.2.6,3.0.3,2021-05-27,v1.2.6,passed_qc,,81620
KFU_COV_177_S81_L001,B.1.1.349,0,1,NA,NA,NA,PLEARN-v1.2.6,3.0.3,2021-05-27,v1.2.6,passed_qc,,KFU_177
KFU_COV_55_S46_L001,B.1.1,0,1,NA,NA,NA,PLEARN-v1.2.6,3.0.3,2021-05-27,v1.2.6,passed_qc,,KFU_55
75205_S39,B.1.1,0,1,NA,NA,NA,PLEARN-v1.2.6,3.0.3,2021-05-27,v1.2.6,passed_qc,,75205
6788_S55,B.1.1,0,0.999922770977333,NA,NA,NA,PLEARN-v1.2.6,3.0.3,2021-05-27,v1.2.6,passed_qc,,6788
ICOV_8117_S7_L001,B.1.1,0,1,NA,NA,NA,PLEARN-v1.2.6,3.0.3,2021-05-27,v1.2.6,passed_qc,,8117
2KFUCOV_21_S64_L002,B.1.1.10,0,1,NA,NA,NA,PLEARN-v1.2.6,3.0.3,2021-05-27,v1.2.6,passed_qc,,2KFU_COV_21
5COV_093_SW1_S83_L002,B.1.1,0,0.99992185973823,NA,NA,NA,PLEARN-v1.2.6,3.0.3,2021-05-27,v1.2.6,passed_qc,,5COV_093
2KFUCOV_61,B.1,0,1,NA,NA,NA,PLEARN-v1.2.6,3.0.3,2021-05-27,v1.2.6,passed_qc,,2KFU_COV_61
RCOV_023_SW1_S57,B.1.1,0,1,NA,NA,NA,PLEARN-v1.2.6,3.0.3,2021-05-27,v1.2.6,passed_qc,,RCOV_023
KFU_COV_117_S58_L001,B.1.1,0,1,NA,NA,NA,PLEARN-v1.2.6,3.0.3,2021-05-27,v1.2.6,passed_qc,,KFU_117
5COV_030_SW1_S47,B.1.1,0,1,NA,NA,NA,PLEARN-v1.2.6,3.0.3,2021-05-27,v1.2.6,passed_qc,,5COV_030
5COV_028_SW1_S23,B.1.1,0,1,NA,NA,NA,PLEARN-v1.2.6,3.0.3,2021-05-27,v1.2.6,passed_qc,,5COV_028
6000_S53,B.1.1,0,1,NA,NA,NA,PLEARN-v1.2.6,3.0.3,2021-05-27,v1.2.6,passed_qc,,6000
2KFUCOV_22_S76_L002,B.1.1.317,0,1,NA,NA,NA,PLEARN-v1.2.6,3.0.3,2021-05-27,v1.2.6,passed_qc,,2KFU_COV_22
5COV_004_SW1_S6_L001,B.1.1,0,1,NA,NA,NA,PLEARN-v1.2.6,3.0.3,2021-05-27,v1.2.6,passed_qc,,5COV_004
5COV_025_SW1_S11,B.1.1,0,1,NA,NA,NA,PLEARN-v1.2.6,3.0.3,2021-05-27,v1.2.6,passed_qc,,5COV_025
IAM09_S88,B.1.177,0,1,NA,NA,NA,PLEARN-v1.2.6,3.0.3,2021-05-27,v1.2.6,passed_qc,,IAM09
2KFUCOV_44_S55_L002,B.1.1.294,0,1,NA,NA,NA,PLEARN-v1.2.6,3.0.3,2021-05-27,v1.2.6,passed_qc,,2KFU_COV_44
5996_S41,B.1.1,0,1,NA,NA,NA,PLEARN-v1.2.6,3.0.3,2021-05-27,v1.2.6,passed_qc,,5996
2KFUCOV_38_S78_L002,B.1.1.317,0,1,NA,NA,NA,PLEARN-v1.2.6,3.0.3,2021-05-27,v1.2.6,passed_qc,,2KFU_COV_38
6221_S30,B.1.1,0,1,NA,NA,NA,PLEARN-v1.2.6,3.0.3,2021-05-27,v1.2.6,passed_qc,,6221
ICOV_032_SW1,B.1.1,0,1,NA,NA,NA,PLEARN-v1.2.6,3.0.3,2021-05-27,v1.2.6,passed_qc,,ICOV_032
ICOV_010_SW1_S68,B.1.1.163,0,1,NA,NA,NA,PLEARN-v1.2.6,3.0.3,2021-05-27,v1.2.6,passed_qc,,ICOV_010
5COV_062_SW6_S104_L002,B.1.1,0,1,NA,NA,NA,PLEARN-v1.2.6,3.0.3,2021-05-27,v1.2.6,passed_qc,,5COV_062
5COV_086_SP1_S24_L002,B.1.1.163,0,1,NA,NA,NA,PLEARN-v1.2.6,3.0.3,2021-05-27,v1.2.6,passed_qc,,5COV_086
IR6838_S95,B.1.1,0,1,NA,NA,NA,PLEARN-v1.2.6,3.0.3,2021-05-27,v1.2.6,passed_qc,,6838
KFU_COV_33_S41_L001,B.1.1,0,1,NA,NA,NA,PLEARN-v1.2.6,3.0.3,2021-05-27,v1.2.6,passed_qc,,KFU_33
5COV_091_SW1_S59_L002,B.1.1.317,0,1,NA,NA,NA,PLEARN-v1.2.6,3.0.3,2021-05-27,v1.2.6,passed_qc,,5COV_091
2KFUCOV_65,B.1,0,1,NA,NA,NA,PLEARN-v1.2.6,3.0.3,2021-05-27,v1.2.6,passed_qc,,2KFU_COV_65
IG-103_S12_L001,B.1.1,0,1,NA,NA,NA,PLEARN-v1.2.6,3.0.3,2021-05-27,v1.2.6,passed_qc,,IG-103
RCOV_013_SW1_S73,B.1,0,1,NA,NA,NA,PLEARN-v1.2.6,3.0.3,2021-05-27,v1.2.6,passed_qc,,RCOV_013
RCOV_022_SW1_S45,B.1.1,0,1,NA,NA,NA,PLEARN-v1.2.6,3.0.3,2021-05-27,v1.2.6,passed_qc,,RCOV_022
IG_156,B.1.1,0,1,NA,NA,NA,PLEARN-v1.2.6,3.0.3,2021-05-27,v1.2.6,passed_qc,,IG_156
ICOV_074_SW1,B.1.1,0,1,NA,NA,NA,PLEARN-v1.2.6,3.0.3,2021-05-27,v1.2.6,passed_qc,,ICOV_074
2KFUCOV_32_S100_L002,B.1.1,0,1,NA,NA,NA,PLEARN-v1.2.6,3.0.3,2021-05-27,v1.2.6,passed_qc,,2KFU_COV_32
3KFU_COV_10,B.1.1.220,0,1,NA,NA,NA,PLEARN-v1.2.6,3.0.3,2021-05-27,v1.2.6,passed_qc,,3KFU_COV_10
IR7428_S84,B.1.1,0,0.999915750452841,NA,NA,NA,PLEARN-v1.2.6,3.0.3,2021-05-27,v1.2.6,passed_qc,,7428
2KFUCOV_63,B,0,1,NA,NA,NA,PLEARN-v1.2.6,3.0.3,2021-05-27,v1.2.6,passed_qc,,2KFU_COV_63
2KFUCOV_51,B.1.1,0,1,NA,NA,NA,PLEARN-v1.2.6,3.0.3,2021-05-27,v1.2.6,passed_qc,,2KFU_COV_51
2KFU_COV_4_S74_L002,B.1.1,0,1,NA,NA,NA,PLEARN-v1.2.6,3.0.3,2021-05-27,v1.2.6,passed_qc,,2KFU_COV_4
ICOV_8854_S18_L001,B.1.1,0,1,NA,NA,NA,PLEARN-v1.2.6,3.0.3,2021-05-27,v1.2.6,passed_qc,,8854
92127_S28,B.1.1.54,0,1,NA,NA,NA,PLEARN-v1.2.6,3.0.3,2021-05-27,v1.2.6,passed_qc,,92127
2KFUCOV_5_S86_L002,B.1,0,1,NA,NA,NA,PLEARN-v1.2.6,3.0.3,2021-05-27,v1.2.6,passed_qc,,2KFU_COV_5
IAM08_S76,B.1.1.163,0,1,NA,NA,NA,PLEARN-v1.2.6,3.0.3,2021-05-27,v1.2.6,passed_qc,,IAM08
2KFUCOV_64,B.1.1.294,0,1,NA,NA,NA,PLEARN-v1.2.6,3.0.3,2021-05-27,v1.2.6,passed_qc,,2KFU_COV_64
NCOV3881_S61_L002,B.1.1.194,0,1,NA,NA,NA,PLEARN-v1.2.6,3.0.3,2021-05-27,v1.2.6,passed_qc,,NCOV3881
RCOV_067_SW1,B.1.1,0,1,NA,NA,NA,PLEARN-v1.2.6,3.0.3,2021-05-27,v1.2.6,passed_qc,,RCOV_067
5COV_035_SW1_S83,B.1.1,0,1,NA,NA,NA,PLEARN-v1.2.6,3.0.3,2021-05-27,v1.2.6,passed_qc,,5COV_035
KFU_COV_28_S38_L001,B.1.1,0,1,NA,NA,NA,PLEARN-v1.2.6,3.0.3,2021-05-27,v1.2.6,passed_qc,,KFU_28
2KFUCOV_6_S97_L002,B.1.1.378,0,1,NA,NA,NA,PLEARN-v1.2.6,3.0.3,2021-05-27,v1.2.6,passed_qc,,2KFU_COV_6
IG_272,B.1.1.161,0,1,NA,NA,NA,PLEARN-v1.2.6,3.0.3,2021-05-27,v1.2.6,passed_qc,,IG_272
KFU_COV_35_S42_L001,B.1.1,0,1,NA,NA,NA,PLEARN-v1.2.6,3.0.3,2021-05-27,v1.2.6,passed_qc,,KFU_35
6532_S7,B.1.1,0,1,NA,NA,NA,PLEARN-v1.2.6,3.0.3,2021-05-27,v1.2.6,passed_qc,,6532
KFU_COV_133_S65_L001,B.1.1,0,1,NA,NA,NA,PLEARN-v1.2.6,3.0.3,2021-05-27,v1.2.6,passed_qc,,KFU_133
ICOV_029_SW1,B.1.1.141,0,1,NA,NA,NA,PLEARN-v1.2.6,3.0.3,2021-05-27,v1.2.6,passed_qc,,ICOV_029
KFU_COV_143_S66_L001,B.1.1,0,1,NA,NA,NA,PLEARN-v1.2.6,3.0.3,2021-05-27,v1.2.6,passed_qc,,KFU_143
2KFUCOV_13_S75_L002,B.1.1,0,1,NA,NA,NA,PLEARN-v1.2.6,3.0.3,2021-05-27,v1.2.6,passed_qc,,2KFU_COV_13
IAM01_S40,B.1.1,0,1,NA,NA,NA,PLEARN-v1.2.6,3.0.3,2021-05-27,v1.2.6,passed_qc,,IAM01
RCOV_027_SW1_S69,B.1.1,0,1,NA,NA,NA,PLEARN-v1.2.6,3.0.3,2021-05-27,v1.2.6,passed_qc,,RCOV_027
FCOV_003_SW1_S17_L001,B.1.1,0,1,NA,NA,NA,PLEARN-v1.2.6,3.0.3,2021-05-27,v1.2.6,passed_qc,,FCOV_003
63809_S26,B.1,0,1,NA,NA,NA,PLEARN-v1.2.6,3.0.3,2021-05-27,v1.2.6,passed_qc,,63809
KFU_COV_31_S40_L001,B.1.1,0,1,NA,NA,NA,PLEARN-v1.2.6,3.0.3,2021-05-27,v1.2.6,passed_qc,,KFU_31
2KFUCOV_16_S98_L002,B.1,0,1,NA,NA,NA,PLEARN-v1.2.6,3.0.3,2021-05-27,v1.2.6,passed_qc,,2KFU_COV_16
ICOV_8051_S4_L001,B.1.1,0,1,NA,NA,NA,PLEARN-v1.2.6,3.0.3,2021-05-27,v1.2.6,passed_qc,,8051
IAM05_S52,B.1.1.174,0,1,NA,NA,NA,PLEARN-v1.2.6,3.0.3,2021-05-27,v1.2.6,passed_qc,,IAM05
RCOV_036_SW1,B.1.1.317,0,1,NA,NA,NA,PLEARN-v1.2.6,3.0.3,2021-05-27,v1.2.6,passed_qc,,RCOV_036
5COV_092_SW1_S71_L002,B.1.1.317,0,1,NA,NA,NA,PLEARN-v1.2.6,3.0.3,2021-05-27,v1.2.6,passed_qc,,5COV_092
2KFUCOV_66,B.1.1.317,0,1,NA,NA,NA,PLEARN-v1.2.6,3.0.3,2021-05-27,v1.2.6,passed_qc,,2KFU_COV_66
KFU_COV_127_S62_L001,B.1.1,0,1,NA,NA,NA,PLEARN-v1.2.6,3.0.3,2021-05-27,v1.2.6,passed_qc,,KFU_127
2KFUCOV_59,B.1.1,0,1,NA,NA,NA,PLEARN-v1.2.6,3.0.3,2021-05-27,v1.2.6,passed_qc,,2KFU_COV_59
ICOV_031_SW1,B.1.1,0,1,NA,NA,NA,PLEARN-v1.2.6,3.0.3,2021-05-27,v1.2.6,passed_qc,,ICOV_031
RCOV_043_SW1,B.1.1,0,1,NA,NA,NA,PLEARN-v1.2.6,3.0.3,2021-05-27,v1.2.6,passed_qc,,RCOV_043
6386_S42,B.1.1,0,1,NA,NA,NA,PLEARN-v1.2.6,3.0.3,2021-05-27,v1.2.6,passed_qc,,6386
ICOV_017_SW1_S21,B.1.1,0,1,NA,NA,NA,PLEARN-v1.2.6,3.0.3,2021-05-27,v1.2.6,passed_qc,,ICOV_017
64797_S15,B.1.1.294,0,1,NA,NA,NA,PLEARN-v1.2.6,3.0.3,2021-05-27,v1.2.6,passed_qc,,64797
2KFUCOV_10_S51_L002,B.1.1,0,1,NA,NA,NA,PLEARN-v1.2.6,3.0.3,2021-05-27,v1.2.6,passed_qc,,2KFU_COV_10
5COV-004-SW1_S6_L001,B.1.1.202,0,0.999909338168631,NA,NA,NA,PLEARN-v1.2.6,3.0.3,2021-05-27,v1.2.6,passed_qc,,5COV-004-SW1
5COV_056_SW1_S87_L001,B.1.1,0,1,NA,NA,NA,PLEARN-v1.2.6,3.0.3,2021-05-27,v1.2.6,passed_qc,,5COV_056
KFU_COV_179_S82_L001,B.1.1,0,1,NA,NA,NA,PLEARN-v1.2.6,3.0.3,2021-05-27,v1.2.6,passed_qc,,KFU_179
2KFUCOV_18_S29_L002,B.1.1.349,0,1,NA,NA,NA,PLEARN-v1.2.6,3.0.3,2021-05-27,v1.2.6,passed_qc,,2KFU_COV_18
2KFUCOV_48_S102_L002,B.1.1,0,1,NA,NA,NA,PLEARN-v1.2.6,3.0.3,2021-05-27,v1.2.6,passed_qc,,2KFU_COV_48
BCOV_001_SW1_S22,B.1.1,0,1,NA,NA,NA,PLEARN-v1.2.6,3.0.3,2021-05-27,v1.2.6,passed_qc,,BCOV_001
RCOV_063_SW1,B.1.1.349,0,1,NA,NA,NA,PLEARN-v1.2.6,3.0.3,2021-05-27,v1.2.6,passed_qc,,RCOV_063
ICOV_041_SW1,B.1.1,0,1,NA,NA,NA,PLEARN-v1.2.6,3.0.3,2021-05-27,v1.2.6,passed_qc,,ICOV_041
ICOV_8193_S8_L001,B.1.1,0,1,NA,NA,NA,PLEARN-v1.2.6,3.0.3,2021-05-27,v1.2.6,passed_qc,,8193
IR6858_S36,B.1.1,0,1,NA,NA,NA,PLEARN-v1.2.6,3.0.3,2021-05-27,v1.2.6,passed_qc,,6858
2KFUCOV_31_S89_L002,B.1.1,0,1,NA,NA,NA,PLEARN-v1.2.6,3.0.3,2021-05-27,v1.2.6,passed_qc,,2KFU_COV_31
2KFUCOV_27_S41_L002,B.1.1.294,0,1,NA,NA,NA,PLEARN-v1.2.6,3.0.3,2021-05-27,v1.2.6,passed_qc,,2KFU_COV_27
IR7021_S72,B.1.1,0,1,NA,NA,NA,PLEARN-v1.2.6,3.0.3,2021-05-27,v1.2.6,passed_qc,,7021
IG_400,B.1.1.294,0,1,NA,NA,NA,PLEARN-v1.2.6,3.0.3,2021-05-27,v1.2.6,passed_qc,,IG_400
6707_S43,B.1.1,0,1,NA,NA,NA,PLEARN-v1.2.6,3.0.3,2021-05-27,v1.2.6,passed_qc,,6707
ICOV_8112_S6_L001,B.1.1.98,0,1,NA,NA,NA,PLEARN-v1.2.6,3.0.3,2021-05-27,v1.2.6,passed_qc,,8112
FCOV_011_SW1_2_S13,B.1.1,0,1,NA,NA,NA,PLEARN-v1.2.6,3.0.3,2021-05-27,v1.2.6,passed_qc,,FCOV_011
KFU_COV_164_S76_L001,B.1.1,0,1,NA,NA,NA,PLEARN-v1.2.6,3.0.3,2021-05-27,v1.2.6,passed_qc,,KFU_164
RCOV_037_SW1,B.1.1,0,1,NA,NA,NA,PLEARN-v1.2.6,3.0.3,2021-05-27,v1.2.6,passed_qc,,RCOV_037
FCOV_007_SW1_S20_L001,B.1.1,0,1,NA,NA,NA,PLEARN-v1.2.6,3.0.3,2021-05-27,v1.2.6,passed_qc,,FCOV_007
5COV_087_SW1_S35_L002,B.1.1.163,0,1,NA,NA,NA,PLEARN-v1.2.6,3.0.3,2021-05-27,v1.2.6,passed_qc,,5COV_087
RCOV_064_SW1,B.1.1,0,1,NA,NA,NA,PLEARN-v1.2.6,3.0.3,2021-05-27,v1.2.6,passed_qc,,RCOV_064
5COV_036_SW1_S26_L001,B.1.1,0,1,NA,NA,NA,PLEARN-v1.2.6,3.0.3,2021-05-27,v1.2.6,passed_qc,,5COV_036
IR6922_S48,B.1.1,0,1,NA,NA,NA,PLEARN-v1.2.6,3.0.3,2021-05-27,v1.2.6,passed_qc,,6922
IG_175_S3_L001,B.1.1,0,1,NA,NA,NA,PLEARN-v1.2.6,3.0.3,2021-05-27,v1.2.6,passed_qc,,IG_175
5COV_062_SW1_S93_L001,B.1.1,0,1,NA,NA,NA,PLEARN-v1.2.6,3.0.3,2021-05-27,v1.2.6,passed_qc,,5COV_062
2KFUCOV_45_S67_L002,B.1.1,0,1,NA,NA,NA,PLEARN-v1.2.6,3.0.3,2021-05-27,v1.2.6,passed_qc,,2KFU_COV_45
IG_62,B.1.1,0,1,NA,NA,NA,PLEARN-v1.2.6,3.0.3,2021-05-27,v1.2.6,passed_qc,,IG_62
2KFUCOV_34_S31_L002,B.1.1,0,1,NA,NA,NA,PLEARN-v1.2.6,3.0.3,2021-05-27,v1.2.6,passed_qc,,2KFU_COV_34
5COV_058_SW1_S89_L001,B.1.1.349,0,1,NA,NA,NA,PLEARN-v1.2.6,3.0.3,2021-05-27,v1.2.6,passed_qc,,5COV_058
IG_112,B.1.1,0,1,NA,NA,NA,PLEARN-v1.2.6,3.0.3,2021-05-27,v1.2.6,passed_qc,,IG_112
RCOV_014_SW1_S85,B.1.1,0,1,NA,NA,NA,PLEARN-v1.2.6,3.0.3,2021-05-27,v1.2.6,passed_qc,,RCOV_014
IAM14_S91,B.1.1,0,1,NA,NA,NA,PLEARN-v1.2.6,3.0.3,2021-05-27,v1.2.6,passed_qc,,IAM14
6531_S90,B.1.1,0,1,NA,NA,NA,PLEARN-v1.2.6,3.0.3,2021-05-27,v1.2.6,passed_qc,,6531
ICOV_8524_S13_L001,B.1.1,0,1,NA,NA,NA,PLEARN-v1.2.6,3.0.3,2021-05-27,v1.2.6,passed_qc,,8524
RCOV_001_SW1_S93,B.1.1,0,0.999921728240451,NA,NA,NA,PLEARN-v1.2.6,3.0.3,2021-05-27,v1.2.6,passed_qc,,RCOV_001
RCOV_060_SW1,B.1.1.220,0,1,NA,NA,NA,PLEARN-v1.2.6,3.0.3,2021-05-27,v1.2.6,passed_qc,,RCOV_060
5COV_056_SW7_S93_L002,B.1.1,0,1,NA,NA,NA,PLEARN-v1.2.6,3.0.3,2021-05-27,v1.2.6,passed_qc,,5COV_056
KFU_COV_129_S64_L001,B.1.1.274,0,1,NA,NA,NA,PLEARN-v1.2.6,3.0.3,2021-05-27,v1.2.6,passed_qc,,KFU_129
FCOV_005_SW1_S19_L001,B.1.1,0,0.999895266024298,NA,NA,NA,PLEARN-v1.2.6,3.0.3,2021-05-27,v1.2.6,passed_qc,,FCOV_005
IG_61,B.1.1,0,1,NA,NA,NA,PLEARN-v1.2.6,3.0.3,2021-05-27,v1.2.6,passed_qc,,IG_61
75204_S27,B.1.1,0,1,NA,NA,NA,PLEARN-v1.2.6,3.0.3,2021-05-27,v1.2.6,passed_qc,,75204
2KFUCOV_41_S112_L002,B.1.1.446,0,1,NA,NA,NA,PLEARN-v1.2.6,3.0.3,2021-05-27,v1.2.6,passed_qc,,2KFU_COV_41
5COV_079_SW1_S58_L002,B.1.1.194,0,1,NA,NA,NA,PLEARN-v1.2.6,3.0.3,2021-05-27,v1.2.6,passed_qc,,5COV_079
5COV_079_SW7_S105_L002,B.1.1.486,0,0.999921960355861,NA,NA,NA,PLEARN-v1.2.6,3.0.3,2021-05-27,v1.2.6,passed_qc,,5COV_079
KFU_COV_73_S47_L001,B.1.1,0,0.999904666571333,NA,NA,NA,PLEARN-v1.2.6,3.0.3,2021-05-27,v1.2.6,passed_qc,,KFU_73
IR6844_S12,B.1.1,0,1,NA,NA,NA,PLEARN-v1.2.6,3.0.3,2021-05-27,v1.2.6,passed_qc,,6844
RCOV_012_SW1_S61,B.1,0,1,NA,NA,NA,PLEARN-v1.2.6,3.0.3,2021-05-27,v1.2.6,passed_qc,,RCOV_012
